Workbook

Sheet Tracker
A1: # | B1: Batch | C1: Company | D1: Tier | E1: Contact | F1: Role | G1: Email | H1: Email status | I1: What they do | J1: Value item | K1: Build | L1: Proof used | M1: Subject | N1: Status | O1: Date sent | P1: Follow-up due | Q1: Follow-up sent | R1: Response | S1: Notes | T1: Draft file | U1: Website | V1: YC page
A2: 1 | B2: 1 | C2: Theseus | D2: B | E2: Sacha Levy | F2: Co-founder & CTO | G2: sacha@theseus.us | H2: guess (public: inbound@theseus.us) | I2: Camera-based drone navigation that works without GPS (Cyclops). Customers include US Special Forces. | J2: Site naming: the USSOCOM testimonial calls the product "VizNav" while the rest of the site says "Cyclops". Hero stats (1.1 km, 104 km, <50 m) have no context on test conditions. | L2: VEX | M2: Small thing on the Cyclops page | N2: Ready to review | P2: =IF(O2="","",IF(Q2<>"","done",O2+6)) | S2: Defense customer. Some roles may need US-person status (Venkat is US-born, so fine). | T2: companies/01-01-theseus.md | U2: https://theseus.us | V2: https://www.ycombinator.com/companies/theseus
A3: 2 | B3: 1 | C3: Polymath Robotics | D3: A | E3: Ilia Baranov | F3: Co-founder & CTO | G3: ilia@polymathrobotics.com | H3: guess | I3: Autonomy software for industrial vehicles (tractors, mining trucks) controlled through a REST API. Free simulator called Caladan. | J3: BUILD: a Python behavior for the free Caladan sim (farm environment). Bonus: homepage browser tab shows "Autonomy &amp; Safety" instead of "&". | K3: Caladan Python behavior (farm env), e.g. waypoint row coverage with a simple PID heading controller | L3: VEX | M3: Built a small behavior in Caladan | N3: Waiting on build | P3: =IF(O3="","",IF(Q3<>"","done",O3+6)) | S3: Caladan is free and uses a REST API instead of ROS. Best build target in this batch. | T3: companies/01-02-polymath-robotics.md | U3: https://www.polymathrobotics.com | V3: https://www.ycombinator.com/companies/polymath-robotics
A4: 3 | B4: 1 | C4: Innate | D4: A | E4: Vignesh Anand | F4: Co-founder & CTO | G4: vignesh@innate.bot | H4: guess | I4: Personal AI robot (MARS, $995) you teach with code, language, and demonstrations. Open-source Innate OS plus a browser simulator. | J4: BUILD: a skill in Innate OS run in sim.innate.bot. Bonus: site says "Teach MARS a task with one example" in one section and "Teach with a few examples" in another. | K4: Innate OS skill in sim.innate.bot (github.com/innate-inc/innate-os) | L4: VEX | M4: Made a MARS skill in your simulator | N4: Waiting on build | P4: =IF(O4="","",IF(Q4<>"","done",O4+6)) | S4: Careers page says degrees don't matter. Strong fit. | T4: companies/01-03-innate.md | U4: https://innate.bot | V4: https://www.ycombinator.com/companies/innate
A5: 4 | B5: 1 | C5: Almond | D5: A | E5: Saba Khalilnaji | F5: Co-founder & CEO | G5: saba@almond.bot | H5: guess (public: hello@almond.bot) | I5: Axol, a dual-arm robot for physical AI ($9,499) with an open-source Python SDK, IK, and VR teleop. | J5: BUILD: small tool/example on the open-source Axol SDK (github.com/almond-bot/axol). Bonus: FAQ says two arms give "double the cycle time" of one arm, which reads like the opposite of what's meant (half the cycle time). | K5: Example/tool on the Axol Python SDK (no hardware needed), e.g. IK reachability visualizer | L5: VEX | M5: Something small I built with the Axol SDK | N5: Waiting on build | P5: =IF(O5="","",IF(Q5<>"","done",O5+6)) | S5: Hiring Founding Robotics SWE. Ships from SF. | T5: companies/01-04-almond.md | U5: https://almond.bot | V5: https://www.ycombinator.com/companies/almond
A6: 5 | B6: 1 | C6: MorphoAI | D6: A | E6: Andrew Spielberg | F6: Co-founder & CTO | G6: andrew@morpho.ai | H6: guess (public: hello@morpho.ai) | I6: AI tool that generates, checks, and refines manufacturable designs for robots and machines. Backed by a 2.5M GBP ARIA grant. | J6: BUILD: morpho.ai currently shows only the company name, no product description. Draft a one-page landing page from their YC launch description. | K6: Single-page landing page draft (HTML) from public YC launch copy | L6: VEX | M6: Drafted a homepage for morpho.ai | N6: Waiting on build | P6: =IF(O6="","",IF(Q6<>"","done",O6+6)) | S6: Hiring is London-based. Site is a near-empty Squarespace page. | T6: companies/01-05-morphoai.md | U6: https://morpho.ai | V6: https://www.ycombinator.com/companies/morphoai
A7: 6 | B7: 1 | C7: OS3 | D7: B | E7: Rishabh Chanana | F7: Founder | G7: rishabh@os3robotics.com | H7: guess | I7: Low-cost semi-humanoid robots (HALE 1.0). Developer units $14,995. First deployments in hotels. | J7: Developer units are $14,995 but the site lists no payload, reach, runtime, weight, or compute. Offer to draft a spec table. Also meta description says "hospitality laundry" while the page just says "Hospitality". | L7: VEX | M7: Spec sheet idea for HALE developer units | N7: Ready to review | P7: =IF(O7="","",IF(Q7<>"","done",O7+6)) | S7: 2-person team, very early. Contract mechanical role open. | T7: companies/01-06-os3.md | U7: https://os3robotics.com | V7: https://www.ycombinator.com/companies/os3
A8: 7 | B8: 1 | C8: Darwin | D8: C | E8: Sergio Charles | F8: Founder & CEO | G8: sergio@darwinrobotics.ai | H8: guess | I8: General-purpose robots that learn by demonstration to assemble and maintain AI infrastructure. First deployments planned early 2027. | J8: The "See it work" button points to #work but there doesn't seem to be a section with that id (VERIFY: click it). | L8: VEX | M8: "See it work" button on darwinrobotics.ai | N8: Ready to review | P8: =IF(O8="","",IF(Q8<>"","done",O8+6)) | S8: Weak value item. Verify the button before sending, or skip. | T8: companies/01-07-darwin.md | U8: https://darwinrobotics.ai | V8: https://www.ycombinator.com/companies/darwin
A9: 8 | B9: 1 | C9: Lightberry | D9: B | E9: Stephan Koenigstorfer | F9: Co-founder & CTO | G9: stephan@lightberry.com | H9: guess | I9: AI "social brain" for robots so they can listen, speak, and act. Runs on Unitree, Booster, Fourier humanoids. Robot named Lumi. | J9: Idea: use sound direction-of-arrival so the robot turns toward whoever is speaking. Venkat's HRTF engine is the reverse of that problem. Site note: homepage has one line about Lumi and no specs or details. | L9: AUDIO | M9: Spatial audio guy, interested in robots that listen | N9: Ready to review | P9: =IF(O9="","",IF(Q9<>"","done",O9+6)) | S9: Hiring Voice AI SWE. Good match for the audio project. | T9: companies/01-08-lightberry.md | U9: https://lightberry.com | V9: https://www.ycombinator.com/companies/lightberry
A10: 9 | B10: 1 | C10: Bucket Robotics | D10: C | E10: Matt Puchalski | F10: Founder & CEO | G10: matt@bucket.bot | H10: guess | I10: Defect detection for manufacturing: CAD files in, vision model out, runs on edge devices like Jetson Orin Nano. | J10: Homepage sets a large-image social card but has no preview image, so links shared on X/Slack/LinkedIn show up blank (VERIFY with a link preview checker like opengraph.xyz). | L10: VEX | M10: Link previews for bucket.bot | N10: Ready to review | P10: =IF(O10="","",IF(Q10<>"","done",O10+6)) | S10: Hiring ML, full stack, forward deploy. | T10: companies/01-09-bucket-robotics.md | U10: https://bucket.bot | V10: https://www.ycombinator.com/companies/bucket-robotics
A11: 10 | B11: 1 | C11: Saphira AI | D11: C | E11: Akshay Chalana | F11: Co-founder & CEO | G11: akshay@saphira.ai | H11: guess (public: contact@saphira.ai) | I11: AI agents that help hardware and robot companies get safety certified (ISO 10218, ISO 26262, UL, CE). | J11: Customer quote from RobCo has no named speaker or title, which weakens it (VERIFY). | L11: VEX | M11: Robotics student curious about safety certification | N11: Ready to review | P11: =IF(O11="","",IF(Q11<>"","done",O11+6)) | S11: Weaker fit. Lower priority. | T11: companies/01-10-saphira-ai.md | U11: https://saphira.ai | V11: https://www.ycombinator.com/companies/saphira-ai
A12: 11 | B12: 1 | C12: Yondu | D12: B | E12: Michael Chen | F12: Founder & CEO | G12: michael@yondu.ai | H12: guess (public: hello@yonduai.com) | I12: Warehouse robots for order picking at 3PLs: teleop first (ULTRON), then autonomy (YGM). Has a Fall 2026 Mechatronics Intern posting. | J12: Site is yondu.ai but the contact email is hello@yonduai.com (different domain). Copy also switches between "bin-picking" and "warehouse tasks" as the first thing you fully automate. | L12: VEX | M12: Mechatronics intern question (and a small site note) | N12: Ready to review | P12: =IF(O12="","",IF(Q12<>"","done",O12+6)) | S12: Has an intern posting. Michael helped build an open-source bipedal robot at MIT. | T12: companies/01-11-yondu.md | U12: https://yondu.ai | V12: https://www.ycombinator.com/companies/yondu
A13: 12 | B13: 1 | C13: Ultra | D13: B | E13: Oliver Ortlieb | F13: Co-founder & CTO | G13: oliver@ultra.tech | H13: guess | I13: OP1 stationary robots that pack and sort orders in warehouses. Raised $62M on Oct 9, 2026 and partnered with Physical Intelligence. | J13: The "Introducing" section shows leftover CMS text: "No frames yet. Paste a manifest URL..." (VERIFY). | L13: VEX | M13: Placeholder text showing on ultra.tech | N13: Ready to review | P13: =IF(O13="","",IF(Q13<>"","done",O13+6)) | S13: Fresh $62M raise, 19 open roles. Bigger hiring process, lower odds of cold reply but worth one shot. | T13: companies/01-12-ultra.md | U13: https://ultra.tech | V13: https://www.ycombinator.com/companies/ultra
A14: 13 | B14: 1 | C14: Proception | D14: C | E14: Jay Li | F14: Founder & CEO | G14: jay@proception.ai | H14: guess | I14: Dexterous robot hands (ProHand, 22 DOF, tactile skin) and a data glove (ProGlove). $11M seed led by First Round. | J14: "Explore products" button points to #products but there's no products section on the homepage. Nav says "Product", footer says "Products". (VERIFY) | L14: VEX | M14: "Explore products" button on proception.ai | N14: Ready to review | P14: =IF(O14="","",IF(Q14<>"","done",O14+6)) | S14: Only role open is a technician in Palo Alto. | T14: companies/01-13-proception.md | U14: https://proception.ai | V14: https://www.ycombinator.com/companies/proception
A15: 14 | B15: 1 | C15: Mbodi AI | D15: B | E15: Sebastian Peralta | F15: Founder & CEO | G15: sebastian@mbodi.ai | H15: guess | I15: Teach industrial robots new skills with plain language and demos. ABB partnership. Open-source embodied-agents library. | J15: Every item in the press carousel links to the same TechInAsia article, including the TechCrunch and ABB headlines (VERIFY by clicking 3-4). | L15: VEX | M15: Press links on mbodi.ai all go to one article | N15: Ready to review | P15: =IF(O15="","",IF(Q15<>"","done",O15+6)) | S15: Could upgrade to a build later with their open-source embodied-agents library. | T15: companies/01-14-mbodi-ai.md | U15: https://www.mbodi.ai | V15: https://www.ycombinator.com/companies/mbodi-ai
A16: 15 | B16: 1 | C16: Orangewood Labs | D16: C | E16: Abhinav Das | F16: Founder | G16: abhinav@orangewood.co | H16: guess (public: hellorobot@orangewood.co) | I16: Affordable AI robot arms for small manufacturers (RoboGPT). Most of the team is in India. | J16: The "Tasks Done by Orangewood Robots" section has the "rough estimates" disclaimer but no actual numbers showing (VERIFY). | L16: VEX | M16: Missing numbers in "Tasks Done by Orangewood Robots" | N16: Ready to review | P16: =IF(O16="","",IF(Q16<>"","done",O16+6)) | S16: Open roles are all in Noida. Lower priority. | T16: companies/01-15-orangewood-labs.md | U16: https://www.orangewood.co | V16: https://www.ycombinator.com/companies/orangewood-labs
A17: 16 | B17: 1 | C17: Revise Robotics | D17: A | E17: Rupesh Jeyaram | F17: Founder & CEO | G17: rupesh@reviserobotics.com | H17: guess | I17: Robots that test, wipe, photograph, and list used laptops for resale. Posting Engineering Intern (Summer/Fall 2026). | J17: BUILD: a Python script that pulls a laptop's battery wear, disk health, RAM, and CPU into a one-page resale grade report. | K17: Python laptop health report (battery wear, SMART disk status, RAM, CPU) with a resale grade | L17: VEX | M17: Built a laptop health-check script for refurbishing | N17: Waiting on build | P17: =IF(O17="","",IF(Q17<>"","done",O17+6)) | S17: Has an Engineering Intern posting. Site didn't render for research; verify it loads. | T17: companies/01-16-revise-robotics.md | U17: https://www.reviserobotics.com | V17: https://www.ycombinator.com/companies/revise-robotics
A18: 17 | B18: 1 | C18: Aktoria Robotics | D18: B | E18: Shreenabh Agrawal | F18: Founder | G18: founders@aktoria.com | H18: public (founders@ shown on site) | I18: 24/7 remote robot operators plus low-latency teleop software. Also sells teleop training data. | J18: Site names "R1 Teleop" as a product but never explains it, and "works with any robot" has no list of supported platforms. | L18: VEX | M18: Question about R1 Teleop | N18: Ready to review | P18: =IF(O18="","",IF(Q18<>"","done",O18+6)) | S18: Brand new (S26), 2 people. Public founders@ email. | T18: companies/01-17-aktoria-robotics.md | U18: https://aktoria.com | V18: https://www.ycombinator.com/companies/aktoria-robotics
A19: 18 | B19: 1 | C19: Starcloud | D19: B | E19: Adi Oltean | F19: Founder & Chief Engineer | G19: adi@starcloud.com | H19: guess | I19: Data centers in space. Launched Starcloud-1 with an Nvidia H100 in Nov 2025. $170M Series A in Mar 2026. | J19: LOCAL: Venkat is in Redmond, same as Starcloud's hiring location, so he can help in person. Site footer still says (c) 2024 (VERIFY). | L19: VEX | M19: Redmond student who'd love to help in person | N19: Ready to review | P19: =IF(O19="","",IF(Q19<>"","done",O19+6)) | S19: Local in Redmond. Big company now ($1.1B), so lower cold-email odds, but the local angle is strong. | T19: companies/01-18-starcloud.md | U19: https://www.starcloud.com | V19: https://www.ycombinator.com/companies/starcloud
A20: 19 | B20: 1 | C20: Feather | D20: C | E20: Aahan Sawhney | F20: Co-founder | G20: aahan@featherhq.com | H20: guess | I20: Voice AI platform for natural-sounding AI phone calls. | J20: Site description used in Google results and link previews reads "Feather is helps enterprises build and deploy AI agents" (VERIFY by searching featherhq). | L20: AUDIO | M20: Typo in Feather's Google/link preview text | N20: Ready to review | P20: =IF(O20="","",IF(Q20<>"","done",O20+6)) | S20: Only open role is India-based. Lower priority. | T20: companies/01-19-feather.md | U20: https://www.featherhq.com | V20: https://www.ycombinator.com/companies/feather
A21: 20 | B21: 1 | C21: Silurian | D21: C | E21: Nikhil Shankar | F21: Co-founder & Chief Engineer | G21: nikhil@silurian.ai | H21: guess | I21: Foundation models that simulate Earth, starting with weather (GFT, 1.5B params). API for energy, insurance, agriculture. | J21: Footer "API" link goes to the weather product page, not API docs (VERIFY). | L21: STOCK | M21: Footer "API" link on silurian.ai | N21: Ready to review | P21: =IF(O21="","",IF(Q21<>"","done",O21+6)) | S21: ML research role is senior. Lower priority. | T21: companies/01-20-silurian.md | U21: https://silurian.ai | V21: https://www.ycombinator.com/companies/silurian

Sheet Summary
A1: Metric | B1: Count
A2: Companies | B2: =COUNTA(Tracker!C2:C21) -> 20
A3: Waiting on build | B3: =COUNTIF(Tracker!N2:N21,"Waiting on build") -> 5
A4: Ready to review | B4: =COUNTIF(Tracker!N2:N21,"Ready to review") -> 15
A5: Verified | B5: =COUNTIF(Tracker!N2:N21,"Verified") -> 0
A6: Sent | B6: =COUNTIF(Tracker!N2:N21,"Sent") -> 0
A7: Followed up | B7: =COUNTIF(Tracker!N2:N21,"Followed up") -> 0
A8: Replied | B8: =COUNTIF(Tracker!N2:N21,"Replied") -> 0
A9: Call scheduled | B9: =COUNTIF(Tracker!N2:N21,"Call scheduled") -> 0
A10: No reply | B10: =COUNTIF(Tracker!N2:N21,"No reply") -> 0
A11: Skip | B11: =COUNTIF(Tracker!N2:N21,"Skip") -> 0
A13: Tier A (build) | B13: =COUNTIF(Tracker!D2:D21,"A") -> 5
A14: Tier B | B14: =COUNTIF(Tracker!D2:D21,"B") -> 8
A15: Tier C | B15: =COUNTIF(Tracker!D2:D21,"C") -> 7
A17: Reply rate (of sent) | B17: =IFERROR((B8+B9)/(B6+B7+B8+B9+B10),"-") -> -

Sheet How to use
A1: Yellow columns on Tracker are yours to edit: Status, Date sent, Follow-up sent, Response, Notes.
A2: Claude regenerates everything else each batch and keeps what you typed in the yellow columns.
A3: Follow-up due fills in 6 days after Date sent, and says 'done' once Follow-up sent has a date.
A4: Emails marked 'guess' in Email status are unverified. Check with Hunter.io or Apollo before sending.
A5: Every value item needs a quick check on the live site before you send.
A6: Tier A = Claude builds something for them. Tier B = strong observation. Tier C = lighter fit.
A7: Full drafts and follow-ups are in the repo under companies/ (path in Draft file).
A8: Close this file before asking Claude for the next batch, so it can be saved over.
